usuario_id,nombre,email,telefono
1,María Pérez,maria.perez@gmail.com,+54 11 4567 1234
2,Juan López,juan.lopez@outlook.com,+54 221 334 5566
3,Carla Gómez,carla.gomez@yahoo.com,+54 261 789 2233
4,Luis Fernández,luis.fernandez@protonmail.com,+54 299 444 9988
5,Ana Torres,ana.torres@gmail.com,+54 381 123 4567
6,Sofía Romero,sofia.romero@hotmail.com,+54 387 654 7788
7,Martín Díaz,martin.diaz@icloud.com,+54 351 667 3344
8,Laura Méndez,laura.mendez@yahoo.com,+54 223 909 1212
9,Diego Suárez,diego.suarez@outlook.com,+54 341 321 8888
10,Valentina Castro,valentina.castro@gmail.com,+54 264 445 2233
11,Tomás Herrera,tomas.herrera@gmail.com,+54 11 5555 9999
12,Camila Benítez,camila.benitez@outlook.com,+54 223 888 3344
13,Nicolás Ruiz,nicolas.ruiz@yahoo.com,+54 261 445 7788
14,Lucía Silva,lucia.silva@protonmail.com,+54 299 222 3344
15,Andrés Molina,andres.molina@gmail.com,+54 381 334 1122
16,Florencia Cabrera,florencia.cabrera@hotmail.com,+54 387 456 9900
17,Ignacio Rojas,ignacio.rojas@icloud.com,+54 351 998 7766
18,Micaela Navarro,micaela.navarro@yahoo.com,+54 223 223 8877
19,Franco Giménez,franco.gimenez@outlook.com,+54 341 455 3322
20,Paula Ortiz,paula.ortiz@gmail.com,+54 264 556 1133
21,Gonzalo Ponce,gonzalo.ponce@gmail.com,+54 11 7777 3333
22,Julieta Vega,julieta.vega@outlook.com,+54 221 555 4422
23,Emiliano Sosa,emiliano.sosa@yahoo.com,+54 261 667 8899
24,Nadia Herrera,nadia.herrera@protonmail.com,+54 299 111 2222
25,Ramiro Romero,ramiro.romero@gmail.com,+54 381 667 7788
26,Victoria Castro,victoria.castro@hotmail.com,+54 387 445 3322
27,Lucas Delgado,lucas.delgado@icloud.com,+54 351 223 5566
28,Belén Álvarez,belen.alvarez@yahoo.com,+54 223 445 6677
29,Matías Torres,matias.torres@outlook.com,+54 341 888 2211
30,Daniela Correa,daniela.correa@gmail.com,+54 264 334 5566
31,Diego Rivas,diego.rivas@gmail.com,+54 11 2222 4455
32,Marina López,marina.lopez@outlook.com,+54 221 111 2233
33,Federico Ávila,federico.avila@yahoo.com,+54 261 998 6677
34,Antonella Funes,antonella.funes@protonmail.com,+54 299 444 9999
35,Bruno Ortega,bruno.ortega@gmail.com,+54 381 777 2233
36,Romina Cabrera,romina.cabrera@hotmail.com,+54 387 445 8899
37,Esteban Núñez,esteban.nunez@icloud.com,+54 351 111 7788
38,Celeste Godoy,celeste.godoy@yahoo.com,+54 223 556 1122
39,Matías Ramos,matias.ramos@outlook.com,+54 341 667 4455
40,Milagros Medina,milagros.medina@gmail.com,+54 264 778 8899
41,Santiago Pérez,santiago.perez@gmail.com,+54 11 3344 5566
42,Elena Vázquez,elena.vazquez@outlook.com,+54 221 998 1122
43,Rodrigo Campos,rodrigo.campos@yahoo.com,+54 261 776 3344
44,Catalina Díaz,catalina.diaz@protonmail.com,+54 299 889 2233
45,Fernando Romero,fernando.romero@gmail.com,+54 381 112 5566
46,Pamela Benítez,pamela.benitez@hotmail.com,+54 387 445 7788
47,Leandro Luna,leandro.luna@icloud.com,+54 351 667 8899
48,Noelia Rojas,noelia.rojas@yahoo.com,+54 223 223 3344
49,Julián Herrera,julian.herrera@outlook.com,+54 341 778 5566
50,Melina Ortiz,melina.ortiz@gmail.com,+54 264 445 9988